INSERT INTO Account (id, name, currency) values(1, 'Daily expenses', 'EUR');
INSERT INTO Account (id, name, currency) values(2, 'Daily expenses', 'EUR');
INSERT INTO Account (id, name, currency) values(3, 'Delete me', 'EUR');
INSERT INTO Category (id, name, description, account_id) values(1, 'Groceries',  'Groceries', 1);
INSERT INTO Category (id, name, description, account_id) values(2, 'Rent',  'Rent', 1);
INSERT INTO Category (id, name, description, account_id) values(3, 'Delete me',  'Delete me', 3);
INSERT INTO Label (id, name, description, account_id) values(1, '2021 Cyprus', 'Holiday Cyprus 01-08-2021 - 10-08-2021', 1);
INSERT INTO Label (id, name, account_id) values(2, 'Delete me', 3);
INSERT INTO Expense (id, createdOn, description, amount, account_id) values(1, '2020-01-01', 'Supermarket', 100.12, 1);
INSERT INTO Expense (id, createdOn, description, amount, account_id) values(2, '2020-02-01', 'Rent', 6000.12, 1);
INSERT INTO Expense (id, createdOn, description, amount, account_id) values(3, '2020-01-01', 'Delete me', 100.12, 3);
INSERT INTO Expense_Category (expense_id, category_id) values(1, 1);
INSERT INTO Expense_Category (expense_id, category_id) values(2, 2);
INSERT INTO Expense_Category (expense_id, category_id) values(3, 3);
INSERT INTO USER (id, username, password, account_id) values(1, 'johndoe@example.com', '{bcrypt}$2a$10$INZNo1XGKNuwgLEsUkCBXeiQmcVp9QQqU6wU6plQLw8mJ/xdKK1my', 1);
INSERT INTO USER (id, username, password, account_id) values(2, 'hacker@example.com', '{bcrypt}$2a$10$INZNo1XGKNuwgLEsUkCBXeiQmcVp9QQqU6wU6plQLw8mJ/xdKK1my', 2);
INSERT INTO USER (id, username, password, account_id) values(3, 'deleteme@example.com', '{bcrypt}$2a$10$INZNo1XGKNuwgLEsUkCBXeiQmcVp9QQqU6wU6plQLw8mJ/xdKK1my', 3);